<?xml version='1.0' encoding='utf-8' standalone='yes' ?>
<map>
    <long name="time_active" value="18179" />
    <long name="last_upload" value="1641468385245" />
    <long name="first_open_time" value="1641468385045" />
    <string name="gmp_app_id">1:1089151145015:android:a66d00390731a004</string>
    <string name="app_instance_id">0fe8cfc5ab29900af95a02e8e44bbcd4</string>
    <boolean name="app_backgrounded" value="true" />
    <long name="health_monitor:start" value="1641468385248" />
    <boolean name="use_service" value="true" />
    <boolean name="deferred_analytics_collection" value="false" />
    <string name="previous_os_version">10</string>
    <boolean name="has_been_opened" value="true" />
    <string name="health_monitor:value">2WC16250:Timed out waiting for get user properties</string>
    <boolean name="use_dynamite_api" value="false" />
    <boolean name="allow_remote_dynamite" value="false" />
    <long name="last_pause_time" value="1641471314130" />
    <boolean name="start_new_session" value="false" />
    <long name="health_monitor:count" value="1" />
</map>
